content,label
Wireless smart plugs that you control with your phone.,yes
Local news website covering regional events.,no
Smart thermostats and lighting automation for home.,yes
Fashion retailer for men and women.,no
IoT sensors for real-time energy monitoring.,yes
Historical museum gallery site.,no
Voice-controlled home security alarms.,yes
Blog about vegan cooking recipes.,no
Smart switches and door sensors for apartments.,yes
Government tender announcements portal.,no
Cloud-controlled curtain motors and blinds.,yes
Pet adoption center homepage.,no
Automation kits for smart homes and buildings.,yes
Sports fan community forum.,no
Voice assistant integration in light panels.,yes
Music event promotion page.,no
Smart meters with app-based dashboards.,yes
Academic university homepage.,no
Home assistant with remote scene control.,yes
Tourist guide for local monuments.,no
